{
    "loss": 49.676055908203125,
    "accuracy": 0.4313725531101227
}