{
    "loss": 8.741500854492188,
    "accuracy": 0.5686274766921997
}